{"resourceType":"CodeSystem","id":"no-basis-parental-responsibility.codesystem","meta":{"versionId":"1","lastUpdated":"2019-05-07T00:00:00+00:00"},"text":{"status":"generated","div":"<div xmlns=\"http://www.w3.org/1999/xhtml\"><p class=\"res-header-id\"><b>Generated Narrative: CodeSystem no-basis-parental-responsibility.codesystem</b></p><a name=\"no-basis-parental-responsibility.codesystem\"> </a><a name=\"hcno-basis-parental-responsibility.codesystem\"> </a><div style=\"display: inline-block; background-color: #d9e0e7; padding: 6px; margin: 4px; border: 1px solid #8da1b4; border-radius: 5px; line-height: 60%\"><p style=\"margin-bottom: 0px\">version: 1; Last updated: 2019-05-07 00:00:00+0000</p></div><p>This case-sensitive code system <code>http://hl7.no/fhir/CodeSystem/no-basis-parental-responsibility</code> defines the following codes:</p><table class=\"codes\"><tr><td style=\"white-space:nowrap\"><b>Code</b></td><td><b>Display</b></td></tr><tr><td style=\"white-space:nowrap\">felles<a name=\"no-basis-parental-responsibility.codesystem-felles\"> </a></td><td>Felles</td></tr><tr><td style=\"white-space:nowrap\">mor<a name=\"no-basis-parental-responsibility.codesystem-mor\"> </a></td><td>Mor</td></tr><tr><td style=\"white-space:nowrap\">far<a name=\"no-basis-parental-responsibility.codesystem-far\"> </a></td><td>Far</td></tr><tr><td style=\"white-space:nowrap\">medmor<a name=\"no-basis-parental-responsibility.codesystem-medmor\"> </a></td><td>Medmor</td></tr><tr><td style=\"white-space:nowrap\">andre<a name=\"no-basis-parental-responsibility.codesystem-andre\"> </a></td><td>Andre</td></tr><tr><td style=\"white-space:nowrap\">ukjent<a name=\"no-basis-parental-responsibility.codesystem-ukjent\"> </a></td><td>Ukjent</td></tr></table></div>"},"url":"http://hl7.no/fhir/CodeSystem/no-basis-parental-responsibility","version":"2.2.3-test","name":"NoBasisParentalResponsibility","title":"no-basis-parental-responsibility.codesystem","status":"active","experimental":false,"date":"2019-05-15T00:00:00+00:00","description":"Copy of Codes from Foreldreansvar defined by Skatteetaten","jurisdiction":[{"coding":[{"system":"urn:iso:std:iso:3166","code":"NO","display":"Norway"}]}],"caseSensitive":true,"content":"complete","count":6,"concept":[{"code":"felles","display":"Felles","designation":[{"use":{"system":"http://terminology.hl7.org/CodeSystem/hl7TermMaintInfra","code":"preferredForLanguage"},"value":"Felles"}]},{"code":"mor","display":"Mor","designation":[{"use":{"system":"http://terminology.hl7.org/CodeSystem/hl7TermMaintInfra","code":"preferredForLanguage"},"value":"Mor"}]},{"code":"far","display":"Far","designation":[{"use":{"system":"http://terminology.hl7.org/CodeSystem/hl7TermMaintInfra","code":"preferredForLanguage"},"value":"Far"}]},{"code":"medmor","display":"Medmor","designation":[{"use":{"system":"http://terminology.hl7.org/CodeSystem/hl7TermMaintInfra","code":"preferredForLanguage"},"value":"Medmor"}]},{"code":"andre","display":"Andre","designation":[{"use":{"system":"http://terminology.hl7.org/CodeSystem/hl7TermMaintInfra","code":"preferredForLanguage"},"value":"Andre"}]},{"code":"ukjent","display":"Ukjent","designation":[{"use":{"system":"http://terminology.hl7.org/CodeSystem/hl7TermMaintInfra","code":"preferredForLanguage"},"value":"Ukjent"}]}]}