{"resourceType":"ValueSet","id":"no-basis-marital-status.valueset","text":{"status":"generated","div":"<div xmlns=\"http://www.w3.org/1999/xhtml\"><p class=\"res-header-id\"><b>Generated Narrative: ValueSet no-basis-marital-status.valueset</b></p><a name=\"no-basis-marital-status.valueset\"> </a><a name=\"hcno-basis-marital-status.valueset\"> </a><ul><li>Include all codes defined in <a href=\"CodeSystem-no-basis-marital-status.codesystem.html\"><code>http://hl7.no/fhir/CodeSystem/no-basis-marital-status</code></a><span title=\"Version is not explicitly stated, which means it is fixed to the version provided in this specification\"> version &#x1F4E6;2.2.3-test</span></li></ul></div>"},"url":"http://hl7.no/fhir/ValueSet/no-basis-marital-status","version":"2.2.3-test","name":"NoBasisMaritalStatus","title":"no-basis-marital-status.valueset","status":"active","experimental":true,"date":"2020-03-20T10:48:45.936+00:00","description":"Copy of Codes from Sivilstandstype defined by Skatteetaten","jurisdiction":[{"coding":[{"system":"urn:iso:std:iso:3166","code":"NO","display":"Norway"}]}],"immutable":false,"compose":{"include":[{"system":"http://hl7.no/fhir/CodeSystem/no-basis-marital-status"}]}}