{
  "resourceType" : "ImplementationGuide",
  "id" : "hl7.fhir.no.basis",
  "text" : {
    "status" : "generated",
    "div" : "<div xmlns=\"http://www.w3.org/1999/xhtml\"><p class=\"res-header-id\"><b>Generated Narrative: ImplementationGuide hl7.fhir.no.basis</b></p><a name=\"hl7.fhir.no.basis\"> </a><a name=\"hchl7.fhir.no.basis\"> </a><h2>NoBasis</h2><p>The official URL for this implementation guide is: </p><pre>http://hl7.no/fhir/ig/ImplementationGuide/hl7.fhir.no.basis</pre></div>"
  },
  "url" : "http://hl7.no/fhir/ig/ImplementationGuide/hl7.fhir.no.basis",
  "version" : "2.2.3-test",
  "name" : "NoBasis",
  "status" : "active",
  "date" : "2025-11-06T10:34:36+00:00",
  "jurisdiction" : [{
    "coding" : [{
      "system" : "urn:iso:std:iso:3166",
      "code" : "NO",
      "display" : "Norway"
    }]
  }],
  "packageId" : "hl7.fhir.no.basis",
  "license" : "CC0-1.0",
  "fhirVersion" : ["4.0.1"],
  "dependsOn" : [{
    "id" : "hl7tx",
    "extension" : [{
      "url" : "http://hl7.org/fhir/tools/StructureDefinition/implementationguide-dependency-comment",
      "valueMarkdown" : "Automatically added as a dependency - all IGs depend on HL7 Terminology"
    }],
    "uri" : "http://terminology.hl7.org/ImplementationGuide/hl7.terminology",
    "packageId" : "hl7.terminology.r4",
    "version" : "6.5.0"
  },
  {
    "id" : "hl7ext",
    "extension" : [{
      "url" : "http://hl7.org/fhir/tools/StructureDefinition/implementationguide-dependency-comment",
      "valueMarkdown" : "Automatically added as a dependency - all IGs depend on the HL7 Extension Pack"
    }],
    "uri" : "http://hl7.org/fhir/extensions/ImplementationGuide/hl7.fhir.uv.extensions",
    "packageId" : "hl7.fhir.uv.extensions.r4",
    "version" : "5.2.0"
  }],
  "definition" : {
    "extension" : [{
      "extension" : [{
        "url" : "code",
        "valueString" : "copyrightyear"
      },
      {
        "url" : "value",
        "valueString" : "2021+"
      }],
      "url" : "http://hl7.org/fhir/tools/StructureDefinition/ig-parameter"
    },
    {
      "extension" : [{
        "url" : "code",
        "valueString" : "releaselabel"
      },
      {
        "url" : "value",
        "valueString" : "ci-build"
      }],
      "url" : "http://hl7.org/fhir/tools/StructureDefinition/ig-parameter"
    },
    {
      "extension" : [{
        "url" : "code",
        "valueString" : "autoload-resources"
      },
      {
        "url" : "value",
        "valueString" : "true"
      }],
      "url" : "http://hl7.org/fhir/tools/StructureDefinition/ig-parameter"
    },
    {
      "extension" : [{
        "url" : "code",
        "valueString" : "path-liquid"
      },
      {
        "url" : "value",
        "valueString" : "template/liquid"
      }],
      "url" : "http://hl7.org/fhir/tools/StructureDefinition/ig-parameter"
    },
    {
      "extension" : [{
        "url" : "code",
        "valueString" : "path-liquid"
      },
      {
        "url" : "value",
        "valueString" : "input/liquid"
      }],
      "url" : "http://hl7.org/fhir/tools/StructureDefinition/ig-parameter"
    },
    {
      "extension" : [{
        "url" : "code",
        "valueString" : "path-qa"
      },
      {
        "url" : "value",
        "valueString" : "temp/qa"
      }],
      "url" : "http://hl7.org/fhir/tools/StructureDefinition/ig-parameter"
    },
    {
      "extension" : [{
        "url" : "code",
        "valueString" : "path-temp"
      },
      {
        "url" : "value",
        "valueString" : "temp/pages"
      }],
      "url" : "http://hl7.org/fhir/tools/StructureDefinition/ig-parameter"
    },
    {
      "extension" : [{
        "url" : "code",
        "valueString" : "path-output"
      },
      {
        "url" : "value",
        "valueString" : "output"
      }],
      "url" : "http://hl7.org/fhir/tools/StructureDefinition/ig-parameter"
    },
    {
      "extension" : [{
        "url" : "code",
        "valueString" : "path-suppressed-warnings"
      },
      {
        "url" : "value",
        "valueString" : "input/ignoreWarnings.txt"
      }],
      "url" : "http://hl7.org/fhir/tools/StructureDefinition/ig-parameter"
    },
    {
      "extension" : [{
        "url" : "code",
        "valueString" : "path-history"
      },
      {
        "url" : "value",
        "valueString" : "http://hl7.no/fhir/ig/history.html"
      }],
      "url" : "http://hl7.org/fhir/tools/StructureDefinition/ig-parameter"
    },
    {
      "extension" : [{
        "url" : "code",
        "valueString" : "template-html"
      },
      {
        "url" : "value",
        "valueString" : "template-page.html"
      }],
      "url" : "http://hl7.org/fhir/tools/StructureDefinition/ig-parameter"
    },
    {
      "extension" : [{
        "url" : "code",
        "valueString" : "template-md"
      },
      {
        "url" : "value",
        "valueString" : "template-page-md.html"
      }],
      "url" : "http://hl7.org/fhir/tools/StructureDefinition/ig-parameter"
    },
    {
      "extension" : [{
        "url" : "code",
        "valueString" : "apply-contact"
      },
      {
        "url" : "value",
        "valueString" : "true"
      }],
      "url" : "http://hl7.org/fhir/tools/StructureDefinition/ig-parameter"
    },
    {
      "extension" : [{
        "url" : "code",
        "valueString" : "apply-context"
      },
      {
        "url" : "value",
        "valueString" : "true"
      }],
      "url" : "http://hl7.org/fhir/tools/StructureDefinition/ig-parameter"
    },
    {
      "extension" : [{
        "url" : "code",
        "valueString" : "apply-copyright"
      },
      {
        "url" : "value",
        "valueString" : "true"
      }],
      "url" : "http://hl7.org/fhir/tools/StructureDefinition/ig-parameter"
    },
    {
      "extension" : [{
        "url" : "code",
        "valueString" : "apply-jurisdiction"
      },
      {
        "url" : "value",
        "valueString" : "true"
      }],
      "url" : "http://hl7.org/fhir/tools/StructureDefinition/ig-parameter"
    },
    {
      "extension" : [{
        "url" : "code",
        "valueString" : "apply-license"
      },
      {
        "url" : "value",
        "valueString" : "true"
      }],
      "url" : "http://hl7.org/fhir/tools/StructureDefinition/ig-parameter"
    },
    {
      "extension" : [{
        "url" : "code",
        "valueString" : "apply-publisher"
      },
      {
        "url" : "value",
        "valueString" : "true"
      }],
      "url" : "http://hl7.org/fhir/tools/StructureDefinition/ig-parameter"
    },
    {
      "extension" : [{
        "url" : "code",
        "valueString" : "apply-version"
      },
      {
        "url" : "value",
        "valueString" : "true"
      }],
      "url" : "http://hl7.org/fhir/tools/StructureDefinition/ig-parameter"
    },
    {
      "extension" : [{
        "url" : "code",
        "valueString" : "apply-wg"
      },
      {
        "url" : "value",
        "valueString" : "true"
      }],
      "url" : "http://hl7.org/fhir/tools/StructureDefinition/ig-parameter"
    },
    {
      "extension" : [{
        "url" : "code",
        "valueString" : "active-tables"
      },
      {
        "url" : "value",
        "valueString" : "true"
      }],
      "url" : "http://hl7.org/fhir/tools/StructureDefinition/ig-parameter"
    },
    {
      "extension" : [{
        "url" : "code",
        "valueString" : "fmm-definition"
      },
      {
        "url" : "value",
        "valueString" : "http://hl7.org/fhir/versions.html#maturity"
      }],
      "url" : "http://hl7.org/fhir/tools/StructureDefinition/ig-parameter"
    },
    {
      "extension" : [{
        "url" : "code",
        "valueString" : "propagate-status"
      },
      {
        "url" : "value",
        "valueString" : "true"
      }],
      "url" : "http://hl7.org/fhir/tools/StructureDefinition/ig-parameter"
    },
    {
      "extension" : [{
        "url" : "code",
        "valueString" : "excludelogbinaryformat"
      },
      {
        "url" : "value",
        "valueString" : "true"
      }],
      "url" : "http://hl7.org/fhir/tools/StructureDefinition/ig-parameter"
    },
    {
      "extension" : [{
        "url" : "code",
        "valueString" : "tabbed-snapshots"
      },
      {
        "url" : "value",
        "valueString" : "true"
      }],
      "url" : "http://hl7.org/fhir/tools/StructureDefinition/ig-parameter"
    },
    {
      "url" : "http://hl7.org/fhir/tools/StructureDefinition/ig-internal-dependency",
      "valueCode" : "hl7.fhir.uv.tools.r4#0.8.0"
    },
    {
      "extension" : [{
        "url" : "code",
        "valueCode" : "copyrightyear"
      },
      {
        "url" : "value",
        "valueString" : "2021+"
      }],
      "url" : "http://hl7.org/fhir/tools/StructureDefinition/ig-parameter"
    },
    {
      "extension" : [{
        "url" : "code",
        "valueCode" : "releaselabel"
      },
      {
        "url" : "value",
        "valueString" : "ci-build"
      }],
      "url" : "http://hl7.org/fhir/tools/StructureDefinition/ig-parameter"
    },
    {
      "extension" : [{
        "url" : "code",
        "valueCode" : "autoload-resources"
      },
      {
        "url" : "value",
        "valueString" : "true"
      }],
      "url" : "http://hl7.org/fhir/tools/StructureDefinition/ig-parameter"
    },
    {
      "extension" : [{
        "url" : "code",
        "valueCode" : "path-liquid"
      },
      {
        "url" : "value",
        "valueString" : "template/liquid"
      }],
      "url" : "http://hl7.org/fhir/tools/StructureDefinition/ig-parameter"
    },
    {
      "extension" : [{
        "url" : "code",
        "valueCode" : "path-liquid"
      },
      {
        "url" : "value",
        "valueString" : "input/liquid"
      }],
      "url" : "http://hl7.org/fhir/tools/StructureDefinition/ig-parameter"
    },
    {
      "extension" : [{
        "url" : "code",
        "valueCode" : "path-qa"
      },
      {
        "url" : "value",
        "valueString" : "temp/qa"
      }],
      "url" : "http://hl7.org/fhir/tools/StructureDefinition/ig-parameter"
    },
    {
      "extension" : [{
        "url" : "code",
        "valueCode" : "path-temp"
      },
      {
        "url" : "value",
        "valueString" : "temp/pages"
      }],
      "url" : "http://hl7.org/fhir/tools/StructureDefinition/ig-parameter"
    },
    {
      "extension" : [{
        "url" : "code",
        "valueCode" : "path-output"
      },
      {
        "url" : "value",
        "valueString" : "output"
      }],
      "url" : "http://hl7.org/fhir/tools/StructureDefinition/ig-parameter"
    },
    {
      "extension" : [{
        "url" : "code",
        "valueCode" : "path-suppressed-warnings"
      },
      {
        "url" : "value",
        "valueString" : "input/ignoreWarnings.txt"
      }],
      "url" : "http://hl7.org/fhir/tools/StructureDefinition/ig-parameter"
    },
    {
      "extension" : [{
        "url" : "code",
        "valueCode" : "path-history"
      },
      {
        "url" : "value",
        "valueString" : "http://hl7.no/fhir/ig/history.html"
      }],
      "url" : "http://hl7.org/fhir/tools/StructureDefinition/ig-parameter"
    },
    {
      "extension" : [{
        "url" : "code",
        "valueCode" : "template-html"
      },
      {
        "url" : "value",
        "valueString" : "template-page.html"
      }],
      "url" : "http://hl7.org/fhir/tools/StructureDefinition/ig-parameter"
    },
    {
      "extension" : [{
        "url" : "code",
        "valueCode" : "template-md"
      },
      {
        "url" : "value",
        "valueString" : "template-page-md.html"
      }],
      "url" : "http://hl7.org/fhir/tools/StructureDefinition/ig-parameter"
    },
    {
      "extension" : [{
        "url" : "code",
        "valueCode" : "apply-contact"
      },
      {
        "url" : "value",
        "valueString" : "true"
      }],
      "url" : "http://hl7.org/fhir/tools/StructureDefinition/ig-parameter"
    },
    {
      "extension" : [{
        "url" : "code",
        "valueCode" : "apply-context"
      },
      {
        "url" : "value",
        "valueString" : "true"
      }],
      "url" : "http://hl7.org/fhir/tools/StructureDefinition/ig-parameter"
    },
    {
      "extension" : [{
        "url" : "code",
        "valueCode" : "apply-copyright"
      },
      {
        "url" : "value",
        "valueString" : "true"
      }],
      "url" : "http://hl7.org/fhir/tools/StructureDefinition/ig-parameter"
    },
    {
      "extension" : [{
        "url" : "code",
        "valueCode" : "apply-jurisdiction"
      },
      {
        "url" : "value",
        "valueString" : "true"
      }],
      "url" : "http://hl7.org/fhir/tools/StructureDefinition/ig-parameter"
    },
    {
      "extension" : [{
        "url" : "code",
        "valueCode" : "apply-license"
      },
      {
        "url" : "value",
        "valueString" : "true"
      }],
      "url" : "http://hl7.org/fhir/tools/StructureDefinition/ig-parameter"
    },
    {
      "extension" : [{
        "url" : "code",
        "valueCode" : "apply-publisher"
      },
      {
        "url" : "value",
        "valueString" : "true"
      }],
      "url" : "http://hl7.org/fhir/tools/StructureDefinition/ig-parameter"
    },
    {
      "extension" : [{
        "url" : "code",
        "valueCode" : "apply-version"
      },
      {
        "url" : "value",
        "valueString" : "true"
      }],
      "url" : "http://hl7.org/fhir/tools/StructureDefinition/ig-parameter"
    },
    {
      "extension" : [{
        "url" : "code",
        "valueCode" : "apply-wg"
      },
      {
        "url" : "value",
        "valueString" : "true"
      }],
      "url" : "http://hl7.org/fhir/tools/StructureDefinition/ig-parameter"
    },
    {
      "extension" : [{
        "url" : "code",
        "valueCode" : "active-tables"
      },
      {
        "url" : "value",
        "valueString" : "true"
      }],
      "url" : "http://hl7.org/fhir/tools/StructureDefinition/ig-parameter"
    },
    {
      "extension" : [{
        "url" : "code",
        "valueCode" : "fmm-definition"
      },
      {
        "url" : "value",
        "valueString" : "http://hl7.org/fhir/versions.html#maturity"
      }],
      "url" : "http://hl7.org/fhir/tools/StructureDefinition/ig-parameter"
    },
    {
      "extension" : [{
        "url" : "code",
        "valueCode" : "propagate-status"
      },
      {
        "url" : "value",
        "valueString" : "true"
      }],
      "url" : "http://hl7.org/fhir/tools/StructureDefinition/ig-parameter"
    },
    {
      "extension" : [{
        "url" : "code",
        "valueCode" : "excludelogbinaryformat"
      },
      {
        "url" : "value",
        "valueString" : "true"
      }],
      "url" : "http://hl7.org/fhir/tools/StructureDefinition/ig-parameter"
    },
    {
      "extension" : [{
        "url" : "code",
        "valueCode" : "tabbed-snapshots"
      },
      {
        "url" : "value",
        "valueString" : "true"
      }],
      "url" : "http://hl7.org/fhir/tools/StructureDefinition/ig-parameter"
    }],
    "resource" : [{
      "extension" : [{
        "url" : "http://hl7.org/fhir/tools/StructureDefinition/resource-information",
        "valueString" : "Appointment"
      }],
      "reference" : {
        "reference" : "Appointment/AppointmentExample"
      },
      "name" : "Appointment Example",
      "description" : "Discussion on the results of your recent MRI",
      "exampleCanonical" : "http://hl7.no/fhir/ig/StructureDefinition/no-basis-Appointment"
    },
    {
      "extension" : [{
        "url" : "http://hl7.org/fhir/tools/StructureDefinition/resource-information",
        "valueString" : "StructureDefinition:resource"
      }],
      "reference" : {
        "reference" : "StructureDefinition/derived-Person"
      },
      "name" : "derived-Person",
      "description" : "Derived person from no-basis-Person for Norwegian Person information.",
      "exampleBoolean" : false
    },
    {
      "extension" : [{
        "url" : "http://hl7.org/fhir/tools/StructureDefinition/resource-information",
        "valueString" : "Organization"
      }],
      "reference" : {
        "reference" : "Organization/Direktoratet-for-eHelse-Organization"
      },
      "name" : "Direktoratet-for-eHelse-Organization",
      "exampleCanonical" : "http://hl7.no/fhir/ig/StructureDefinition/no-basis-Organization"
    },
    {
      "extension" : [{
        "url" : "http://hl7.org/fhir/tools/StructureDefinition/resource-information",
        "valueString" : "Patient"
      }],
      "reference" : {
        "reference" : "Patient/EspenEksempel"
      },
      "name" : "EspenEksempel",
      "exampleCanonical" : "http://hl7.no/fhir/ig/StructureDefinition/no-basis-Patient"
    },
    {
      "extension" : [{
        "url" : "http://hl7.org/fhir/tools/StructureDefinition/resource-information",
        "valueString" : "Patient"
      }],
      "reference" : {
        "reference" : "Patient/JanniceSoreng"
      },
      "name" : "JanniceSoreng",
      "exampleCanonical" : "http://hl7.no/fhir/ig/StructureDefinition/no-basis-Patient"
    },
    {
      "extension" : [{
        "url" : "http://hl7.org/fhir/tools/StructureDefinition/resource-information",
        "valueString" : "Patient"
      }],
      "reference" : {
        "reference" : "Patient/JanniceSorengTo"
      },
      "name" : "JanniceSorengTo",
      "exampleCanonical" : "http://hl7.no/fhir/ig/StructureDefinition/no-basis-Patient"
    },
    {
      "extension" : [{
        "url" : "http://hl7.org/fhir/tools/StructureDefinition/resource-information",
        "valueString" : "Practitioner"
      }],
      "reference" : {
        "reference" : "Practitioner/Magnar-Komann-Practitioner"
      },
      "name" : "Magnar-Komann-Practitioner",
      "exampleCanonical" : "http://hl7.no/fhir/ig/StructureDefinition/no-basis-Practitioner"
    },
    {
      "extension" : [{
        "url" : "http://hl7.org/fhir/tools/StructureDefinition/resource-information",
        "valueString" : "ValueSet"
      }],
      "reference" : {
        "reference" : "ValueSet/no-basis-virtual-service-type.valueset"
      },
      "name" : "No Basis VirtualServiceType Value Set",
      "description" : "Example codes for virtual service connection types. Any other codes or codesystem should be added to this valueSet",
      "exampleBoolean" : false
    },
    {
      "extension" : [{
        "url" : "http://hl7.org/fhir/tools/StructureDefinition/resource-information",
        "valueString" : "StructureDefinition:complex-type"
      }],
      "reference" : {
        "reference" : "StructureDefinition/no-basis-Address"
      },
      "name" : "no-basis-Address",
      "description" : "Basisprofil for Norwegian Address information. Defined by The Norwegian Directorate of eHealth and HL7 Norway. The profile adds Norwegian specific property information, official use of address and further explanation of the use for the data-elements in a Norwegian address. The basis profile is open, but derived profiles should close down the information elements according to specification relevant to the use-case.",
      "exampleBoolean" : false
    },
    {
      "extension" : [{
        "url" : "http://hl7.org/fhir/tools/StructureDefinition/resource-information",
        "valueString" : "StructureDefinition:extension"
      }],
      "reference" : {
        "reference" : "StructureDefinition/no-basis-address-official"
      },
      "name" : "no-basis-address-official",
      "description" : "Defines the concept of an officially registered address in Norway. Usually this will be the address registered in \"Folkeregisteret\" for persons or \"Enhetsregisteret\" for organizations.",
      "exampleBoolean" : false
    },
    {
      "extension" : [{
        "url" : "http://hl7.org/fhir/tools/StructureDefinition/resource-information",
        "valueString" : "StructureDefinition:resource"
      }],
      "reference" : {
        "reference" : "StructureDefinition/no-basis-AllergyIntolerance"
      },
      "name" : "no-basis-AllergyIntolerance",
      "description" : "Basis profile for allergy intolerance, to be used in Norway. The profile is adapted to support the norwegian standard for critical information (KI standard).",
      "exampleBoolean" : false
    },
    {
      "extension" : [{
        "url" : "http://hl7.org/fhir/tools/StructureDefinition/resource-information",
        "valueString" : "StructureDefinition:resource"
      }],
      "reference" : {
        "reference" : "StructureDefinition/no-basis-Appointment"
      },
      "name" : "no-basis-Appointment",
      "description" : "Base profile for Norwegian Appointment information. Defined by HL7 Norway. This profile identifies a set of minimum expectations for an Appointment resource when creating, searching and retrieving compositions by defining which coding system(s) can be present when using this profile. The basis profile is open, but derived profiles should close down the information elements according to specification relevant to the use-case.",
      "exampleBoolean" : false
    },
    {
      "extension" : [{
        "url" : "http://hl7.org/fhir/tools/StructureDefinition/resource-information",
        "valueString" : "StructureDefinition:resource"
      }],
      "reference" : {
        "reference" : "StructureDefinition/no-basis-AppointmentResponse"
      },
      "name" : "no-basis-AppointmentResponse",
      "description" : "Basisprofil for Norwegian AppointmentResponse information. Defined by HL7 Norway. Should be used as a basis for further profiling in use-cases where specific appointment respons information is needed. The basis profile is open, but derived profiles should close down the information elements according to specification relevant to each use-case.",
      "exampleBoolean" : false
    },
    {
      "extension" : [{
        "url" : "http://hl7.org/fhir/tools/StructureDefinition/resource-information",
        "valueString" : "NamingSystem"
      }],
      "reference" : {
        "reference" : "NamingSystem/no-basis-bydelsnummer"
      },
      "name" : "no-basis-bydelsnummer",
      "description" : "Nummerering av kommuner i henhold til SSB sin offisielle liste. Inneholder fremtidige, gyldige og utgåtte kommunenummer.",
      "exampleBoolean" : false
    },
    {
      "extension" : [{
        "url" : "http://hl7.org/fhir/tools/StructureDefinition/resource-information",
        "valueString" : "StructureDefinition:resource"
      }],
      "reference" : {
        "reference" : "StructureDefinition/no-basis-Composition"
      },
      "name" : "no-basis-Composition",
      "description" : "Basisprofil for Norwegian Composition. Defined by The Norwegian Directorate of eHealth and HL7 Norway. The profile adds terminology and extensions specific to Norway. The basis profile is open, derived profiles should close down the information elements according to the relevant use-case.\n\nThe profile sets the absolute minimum requirements, identifies the extensions and terminology which can be present.",
      "exampleBoolean" : false
    },
    {
      "extension" : [{
        "url" : "http://hl7.org/fhir/tools/StructureDefinition/resource-information",
        "valueString" : "CodeSystem"
      }],
      "reference" : {
        "reference" : "CodeSystem/no-basis-connection-type.codesystem"
      },
      "name" : "no-basis-connection-type.codesystem",
      "description" : "Codes to describe Norwegian message based communication protocols.",
      "exampleBoolean" : false
    },
    {
      "extension" : [{
        "url" : "http://hl7.org/fhir/tools/StructureDefinition/resource-information",
        "valueString" : "ValueSet"
      }],
      "reference" : {
        "reference" : "ValueSet/no-basis-connection-type.valueset"
      },
      "name" : "no-basis-connection-type.valueset",
      "description" : "ValueSet for connection types used in Endpoint definition. Includes all Norwegian specific types (no-basis-connection-type) and the extensible HL7 CodeSystem for connection-type",
      "exampleBoolean" : false
    },
    {
      "extension" : [{
        "url" : "http://hl7.org/fhir/tools/StructureDefinition/resource-information",
        "valueString" : "NamingSystem"
      }],
      "reference" : {
        "reference" : "NamingSystem/no-basis-dnummer"
      },
      "name" : "no-basis-dnummer",
      "description" : "Personidentifikator for personer som ikke har fødselsnummer og som ikke skal registreres som bosatt i Norge. The D-nummer of the patient. (assigned by the norwegian Skatteetaten)",
      "exampleBoolean" : false
    },
    {
      "extension" : [{
        "url" : "http://hl7.org/fhir/tools/StructureDefinition/resource-information",
        "valueString" : "StructureDefinition:resource"
      }],
      "reference" : {
        "reference" : "StructureDefinition/no-basis-DocumentReference"
      },
      "name" : "no-basis-DocumentReference",
      "description" : "Basisprofil for Norwegian DocumentReference. Defined by The Norwegian Directorate of eHealth and HL7 Norway. The profile adds terminology and extensions specific to Norway. The basis profile is open, derived profiles should close down the information elements according to specification relevant to the use-case.\n\nThe profile sets the absolute minimum requirements when searching, fething and storing documents within the healtcare domain. It sets the basic requirements for extensions and terminology which can be present.",
      "exampleBoolean" : false
    },
    {
      "extension" : [{
        "url" : "http://hl7.org/fhir/tools/StructureDefinition/resource-information",
        "valueString" : "ValueSet"
      }],
      "reference" : {
        "reference" : "ValueSet/no-basis-documentreference-type.valueset"
      },
      "name" : "no-basis-documentreference-type.valueset",
      "exampleBoolean" : false
    },
    {
      "extension" : [{
        "url" : "http://hl7.org/fhir/tools/StructureDefinition/resource-information",
        "valueString" : "NamingSystem"
      }],
      "reference" : {
        "reference" : "NamingSystem/no-basis-dufnummer"
      },
      "name" : "no-basis-dufnummer",
      "description" : "Et DUF-nummer er et tolvsifret nummer som blir gitt til alle som søker om opphold i Norge.",
      "exampleBoolean" : false
    },
    {
      "extension" : [{
        "url" : "http://hl7.org/fhir/tools/StructureDefinition/resource-information",
        "valueString" : "StructureDefinition:resource"
      }],
      "reference" : {
        "reference" : "StructureDefinition/no-basis-Endpoint"
      },
      "name" : "no-basis-Endpoint",
      "description" : "Basisprofil for Norwegian Endpoint information. Defined by The Norwegian Directorate of eHealth and HL7 Norway. The profile adds Norwegian specific identification of Endpoing. The basis profile is open, but derived profiles should close down the information elements according to specification relevant to the use-case.\n\nResource profile for definition of electronic endpoints used by healthcare organizations to communicate using different protocols. The norwegian profile use-case is to represent endpoints for electronic communication. Fallback solutions using mail or fax has to be indexed in the norwegian master index for healthcare organizations and are not described using this profile.",
      "exampleBoolean" : false
    },
    {
      "extension" : [{
        "url" : "http://hl7.org/fhir/tools/StructureDefinition/resource-information",
        "valueString" : "CodeSystem"
      }],
      "reference" : {
        "reference" : "CodeSystem/no-basis-family-relation.codesystem"
      },
      "name" : "no-basis-family-relation.codesystem",
      "description" : "Copy of Codes from Familierelasjon defined by Skatteetaten",
      "exampleBoolean" : false
    },
    {
      "extension" : [{
        "url" : "http://hl7.org/fhir/tools/StructureDefinition/resource-information",
        "valueString" : "ValueSet"
      }],
      "reference" : {
        "reference" : "ValueSet/no-basis-family-relation.valueset"
      },
      "name" : "no-basis-family-relation.valueset",
      "description" : "Copy of Codes from Familierelasjon defined by Skatteetaten",
      "exampleBoolean" : false
    },
    {
      "extension" : [{
        "url" : "http://hl7.org/fhir/tools/StructureDefinition/resource-information",
        "valueString" : "NamingSystem"
      }],
      "reference" : {
        "reference" : "NamingSystem/no-basis-felleshjelpenummer"
      },
      "name" : "no-basis-felleshjelpenummer",
      "description" : "Felles hjelpenummer is one possible patient identification number administered by Norsk Helsenett. The norwegian felles hjelpenummer is a 11-digit number containing two control digits. The number shoud only be used when the Fødselsnummer and D-number is unknown.",
      "exampleBoolean" : false
    },
    {
      "extension" : [{
        "url" : "http://hl7.org/fhir/tools/StructureDefinition/resource-information",
        "valueString" : "NamingSystem"
      }],
      "reference" : {
        "reference" : "NamingSystem/no-basis-foedselsnummer"
      },
      "name" : "no-basis-foedselsnummer",
      "description" : "Fødselsnummer is the official identification of a Norwegian citizen and is registered in the repository called folkeregisteret. Fødselsnummer is a 11-digit number containing 2 control digits.",
      "exampleBoolean" : false
    },
    {
      "extension" : [{
        "url" : "http://hl7.org/fhir/tools/StructureDefinition/resource-information",
        "valueString" : "StructureDefinition:extension"
      }],
      "reference" : {
        "reference" : "StructureDefinition/no-basis-group"
      },
      "name" : "no-basis-group",
      "description" : "The appointment is a group session.",
      "exampleBoolean" : false
    },
    {
      "extension" : [{
        "url" : "http://hl7.org/fhir/tools/StructureDefinition/resource-information",
        "valueString" : "StructureDefinition:resource"
      }],
      "reference" : {
        "reference" : "StructureDefinition/no-basis-HealthcareService"
      },
      "name" : "no-basis-HealthcareService",
      "description" : "Basisprofil for Norwegian Healthcare Service information. Defined by The Norwegian Directorate of eHealth and HL7 Norway. The profile adds Norwegian specific identification of Healthcare Services. The basis profile is open, but derived profiles should close down the information elements according to specification relevant to the use-case.\n\nThe typical use-case is to include information regarding what Healthcare related services, support functions or activities provided by an Organization or awailable at a Location.",
      "exampleBoolean" : false
    },
    {
      "extension" : [{
        "url" : "http://hl7.org/fhir/tools/StructureDefinition/resource-information",
        "valueString" : "HealthcareService"
      }],
      "reference" : {
        "reference" : "HealthcareService/no-basis-HealthcareService-example"
      },
      "name" : "no-basis-HealthcareService-example",
      "exampleCanonical" : "http://hl7.no/fhir/ig/StructureDefinition/no-basis-HealthcareService"
    },
    {
      "extension" : [{
        "url" : "http://hl7.org/fhir/tools/StructureDefinition/resource-information",
        "valueString" : "NamingSystem"
      }],
      "reference" : {
        "reference" : "NamingSystem/no-basis-helsepersonellnummer"
      },
      "name" : "no-basis-helsepersonellnummer",
      "description" : "In Norway all registered health care personnel is registered in the Helsepersonellregister (HPR) and is assigned a HPR-number that is used to identify the health care practitioner. Health care personnel not registered in HPR can use FNR for identification.",
      "exampleBoolean" : false
    },
    {
      "extension" : [{
        "url" : "http://hl7.org/fhir/tools/StructureDefinition/resource-information",
        "valueString" : "StructureDefinition:complex-type"
      }],
      "reference" : {
        "reference" : "StructureDefinition/no-basis-HumanName"
      },
      "name" : "no-basis-HumanName",
      "description" : "Basisprofil for Norwegian HumanName. Defined by The Norwegian Directorate of eHealth and HL7 Norway. The profile adds the concept of middlename and further explains of the use for the data-elements in a Norwegian context. The basis profile is open, but derived profiles should close down the information elements according to specification relevant to the use-case.",
      "exampleBoolean" : false
    },
    {
      "extension" : [{
        "url" : "http://hl7.org/fhir/tools/StructureDefinition/resource-information",
        "valueString" : "NamingSystem"
      }],
      "reference" : {
        "reference" : "NamingSystem/no-basis-kommunenummer"
      },
      "name" : "no-basis-kommunenummer",
      "description" : "Nummerering av kommuner i henhold til SSB sin offisielle liste. Inneholder fremtidige, gyldige og utgåtte kommunenummer.",
      "exampleBoolean" : false
    },
    {
      "extension" : [{
        "url" : "http://hl7.org/fhir/tools/StructureDefinition/resource-information",
        "valueString" : "StructureDefinition:resource"
      }],
      "reference" : {
        "reference" : "StructureDefinition/no-basis-Location"
      },
      "name" : "no-basis-Location",
      "description" : "Basisprofil for Norwegian Location information. Defined by The Norwegian Directorate of eHealth and HL7 Norway. Should be used as a basis for further profiling in use-cases where specific location information is needed. The basis profile is open, but derived profiles should close down the information elements according to specification relevant to the use-case.",
      "exampleBoolean" : false
    },
    {
      "extension" : [{
        "url" : "http://hl7.org/fhir/tools/StructureDefinition/resource-information",
        "valueString" : "CodeSystem"
      }],
      "reference" : {
        "reference" : "CodeSystem/no-basis-marital-status.codesystem"
      },
      "name" : "no-basis-marital-status.codesystem",
      "description" : "Copy of Codes from Sivilstandstype defined by Skatteetaten",
      "exampleBoolean" : false
    },
    {
      "extension" : [{
        "url" : "http://hl7.org/fhir/tools/StructureDefinition/resource-information",
        "valueString" : "ValueSet"
      }],
      "reference" : {
        "reference" : "ValueSet/no-basis-marital-status.valueset"
      },
      "name" : "no-basis-marital-status.valueset",
      "description" : "Copy of Codes from Sivilstandstype defined by Skatteetaten",
      "exampleBoolean" : false
    },
    {
      "extension" : [{
        "url" : "http://hl7.org/fhir/tools/StructureDefinition/resource-information",
        "valueString" : "StructureDefinition:resource"
      }],
      "reference" : {
        "reference" : "StructureDefinition/no-basis-Medication"
      },
      "name" : "no-basis-Medication",
      "description" : "Basis profile for medication to be used in Norway. The profile is adapted to use FEST as source of information.",
      "exampleBoolean" : false
    },
    {
      "extension" : [{
        "url" : "http://hl7.org/fhir/tools/StructureDefinition/resource-information",
        "valueString" : "StructureDefinition:resource"
      }],
      "reference" : {
        "reference" : "StructureDefinition/no-basis-MedicationStatement"
      },
      "name" : "no-basis-MedicationStatement",
      "description" : "Basis profile for medication statement, to be used in Norway. The profile is adapted to include norwegian specific features and constraints.",
      "exampleBoolean" : false
    },
    {
      "extension" : [{
        "url" : "http://hl7.org/fhir/tools/StructureDefinition/resource-information",
        "valueString" : "StructureDefinition:extension"
      }],
      "reference" : {
        "reference" : "StructureDefinition/no-basis-middlename"
      },
      "name" : "no-basis-middlename",
      "description" : "The basis extension defines the Norwegian middlename wich is called \"mellomnavn\" and defined by Norwegian legislation (Lov om personnavn).",
      "exampleBoolean" : false
    },
    {
      "extension" : [{
        "url" : "http://hl7.org/fhir/tools/StructureDefinition/resource-information",
        "valueString" : "SearchParameter"
      }],
      "reference" : {
        "reference" : "SearchParameter/no-basis-middlename"
      },
      "name" : "no-basis-middlename",
      "description" : "SearchParameter for the Norwegian middlename extension http://hl7.no/fhir/StructureDefinition/no-basis-middlename",
      "exampleBoolean" : false
    },
    {
      "extension" : [{
        "url" : "http://hl7.org/fhir/tools/StructureDefinition/resource-information",
        "valueString" : "StructureDefinition:extension"
      }],
      "reference" : {
        "reference" : "StructureDefinition/no-basis-municipalitycode"
      },
      "name" : "no-basis-municipalitycode",
      "description" : "Coded value for municipality/county Norwegian kommune",
      "exampleBoolean" : false
    },
    {
      "extension" : [{
        "url" : "http://hl7.org/fhir/tools/StructureDefinition/resource-information",
        "valueString" : "StructureDefinition:resource"
      }],
      "reference" : {
        "reference" : "StructureDefinition/no-basis-Organization"
      },
      "name" : "no-basis-Organization",
      "description" : "Basisprofil for Norwegian Organization information. Defined by The Norwegian Directorate of eHealth and HL7 Norway. The basis profile describes information structures typically used for identifying norwegian organizations. Should be used as a basis for further profiling in use-cases where other specific identity information is needed. The basis profile is open, but derived profiles should close down the information elements according to specification relevant to the use-case.",
      "exampleBoolean" : false
    },
    {
      "extension" : [{
        "url" : "http://hl7.org/fhir/tools/StructureDefinition/resource-information",
        "valueString" : "CodeSystem"
      }],
      "reference" : {
        "reference" : "CodeSystem/no-basis-parental-responsibility.codesystem"
      },
      "name" : "no-basis-parental-responsibility.codesystem",
      "description" : "Copy of Codes from Foreldreansvar defined by Skatteetaten",
      "exampleBoolean" : false
    },
    {
      "extension" : [{
        "url" : "http://hl7.org/fhir/tools/StructureDefinition/resource-information",
        "valueString" : "ValueSet"
      }],
      "reference" : {
        "reference" : "ValueSet/no-basis-parental-responsibility.valueset"
      },
      "name" : "no-basis-parental-responsibility.valueset",
      "description" : "Copy of Codes from Foreldreansvar defined by Skatteetaten",
      "exampleBoolean" : false
    },
    {
      "extension" : [{
        "url" : "http://hl7.org/fhir/tools/StructureDefinition/resource-information",
        "valueString" : "StructureDefinition:extension"
      }],
      "reference" : {
        "reference" : "StructureDefinition/no-basis-partof"
      },
      "name" : "no-basis-partof",
      "description" : "This basis extension mirrors the Encounter.partOF-attribute. The partOf-attribute enables booking of a set of related appointments with a set of sub-appointments being linked to the main appointment in the same way as encounters are being linked. A larger appointment of which this particular appointment is a component or step.",
      "exampleBoolean" : false
    },
    {
      "extension" : [{
        "url" : "http://hl7.org/fhir/tools/StructureDefinition/resource-information",
        "valueString" : "StructureDefinition:resource"
      }],
      "reference" : {
        "reference" : "StructureDefinition/no-basis-Patient"
      },
      "name" : "no-basis-Patient",
      "description" : "Basisprofil for Norwegian Patient information. Defined by The Norwegian Directorate of eHealth and HL7 Norway. Should be used as a basis for further profiling in use-cases where specific identity information is needed. The basis profile is open, but derived profiles should close down the information elements according to specification relevant to the use-case.",
      "exampleBoolean" : false
    },
    {
      "extension" : [{
        "url" : "http://hl7.org/fhir/tools/StructureDefinition/resource-information",
        "valueString" : "StructureDefinition:resource"
      }],
      "reference" : {
        "reference" : "StructureDefinition/no-basis-Person"
      },
      "name" : "no-basis-Person",
      "description" : "Basisprofil for Norwegian Person information. Defined by The Norwegian Directorate of eHealth and HL7 Norway. Should be used as a basis for further profiling in use-cases where specific identity information is needed. The basis profile is open, but derived profiles should close down the information elements according to specification relevant to the use-case.\n\nThe no-basis-Person resource main use-case is with regards to information describing persons that are living in Norway. The information is typically available from the Norwegian \"folkeregister\" and contains information describing all Norweigan citizens and individuals working and living in Norway.",
      "exampleBoolean" : false
    },
    {
      "extension" : [{
        "url" : "http://hl7.org/fhir/tools/StructureDefinition/resource-information",
        "valueString" : "StructureDefinition:extension"
      }],
      "reference" : {
        "reference" : "StructureDefinition/no-basis-person-citizenship"
      },
      "name" : "no-basis-person-citizenship",
      "description" : "The Person's legal status as citizen of a country.",
      "exampleBoolean" : false
    },
    {
      "extension" : [{
        "url" : "http://hl7.org/fhir/tools/StructureDefinition/resource-information",
        "valueString" : "StructureDefinition:resource"
      }],
      "reference" : {
        "reference" : "StructureDefinition/no-basis-Practitioner"
      },
      "name" : "no-basis-Practitioner",
      "description" : "Basisprofil for Norwegian Practitioner information. Defined by The Norwegian Directorate of eHealth and HL7 Norway. Should be used as a basis for further profiling in use-cases where specific identity information is needed. The basis profile is open, but derived profiles should close down the information elements according to specification relevant to the use-case.\n\n2019-03 - The no-basis-Practitioner resource main use-case is to represent the actual Practitioner, e.g. a person. The resource can include information about how to identify the practitioner in addition to the practitioner's education, qualifications and speciality. The resource can also include approvals and other centrally registered capabilities recorded for the practitioner.",
      "exampleBoolean" : false
    },
    {
      "extension" : [{
        "url" : "http://hl7.org/fhir/tools/StructureDefinition/resource-information",
        "valueString" : "StructureDefinition:resource"
      }],
      "reference" : {
        "reference" : "StructureDefinition/no-basis-PractitionerRole"
      },
      "name" : "no-basis-PractitionerRole",
      "description" : "Basisprofil for Norwegian PractitionerRole information. Defined by The Norwegian Directorate of eHealth and HL7 Norway. Should be used as a basis for further profiling in use-cases where specific role information is available. The basis profile is open, but derived profiles should close down the information elements according to specifications relevant to the use-case.\n\nThe main use-case of no-basis-PractitionerRole is to represent the role or function of a Practitioner wihtin an organization. The resource can include information about services performed by a Practitioner, a location where the practitioner performes the functions as well as information about the nature of the employment at an organization.",
      "exampleBoolean" : false
    },
    {
      "extension" : [{
        "url" : "http://hl7.org/fhir/tools/StructureDefinition/resource-information",
        "valueString" : "StructureDefinition:extension"
      }],
      "reference" : {
        "reference" : "StructureDefinition/no-basis-prescriptiongroup"
      },
      "name" : "no-basis-prescriptiongroup",
      "description" : "Part of norwegian standard for describing a prescription.",
      "exampleBoolean" : false
    },
    {
      "extension" : [{
        "url" : "http://hl7.org/fhir/tools/StructureDefinition/resource-information",
        "valueString" : "StructureDefinition:resource"
      }],
      "reference" : {
        "reference" : "StructureDefinition/no-basis-Procedure"
      },
      "name" : "no-basis-Procedure",
      "description" : "Basis profile for a procedure, to be used in Norway. The profile is adapted to include norwegian specific features and constraints.",
      "exampleBoolean" : false
    },
    {
      "extension" : [{
        "url" : "http://hl7.org/fhir/tools/StructureDefinition/resource-information",
        "valueString" : "Procedure"
      }],
      "reference" : {
        "reference" : "Procedure/no-basis-Procedure-example"
      },
      "name" : "no-basis-Procedure-example",
      "exampleCanonical" : "http://hl7.no/fhir/StructureDefinition/no-basis-Procedure"
    },
    {
      "extension" : [{
        "url" : "http://hl7.org/fhir/tools/StructureDefinition/resource-information",
        "valueString" : "StructureDefinition:extension"
      }],
      "reference" : {
        "reference" : "StructureDefinition/no-basis-propertyinformation"
      },
      "name" : "no-basis-propertyinformation",
      "description" : "This basis extension describes information identifying norwegian real property.",
      "exampleBoolean" : false
    },
    {
      "extension" : [{
        "url" : "http://hl7.org/fhir/tools/StructureDefinition/resource-information",
        "valueString" : "StructureDefinition:resource"
      }],
      "reference" : {
        "reference" : "StructureDefinition/no-basis-RelatedPerson"
      },
      "name" : "no-basis-RelatedPerson",
      "description" : "Basisprofil for Norwegian RelatedPerson information. Defined by The Norwegian Directorate of eHealth and HL7 Norway. Should be used as a basis for further profiling in use-cases where specific identity information is needed. The basis profile is open, but derived profiles should close down the information elements according to specification relevant to the use-case.\n\nTypical use-case for no-basis-RelatedPerson involves information about relations person-patient.\n- Relations registered in norwegian Master Person Information Index (aka Folkeregisteret)\n- Other relationship information registered on a patient or person neccessary for patient treatment\n- Should not be used for contact persons for the patient with a predefined role in the patient care, as information as this is registered separately in the Patient resource",
      "exampleBoolean" : false
    },
    {
      "extension" : [{
        "url" : "http://hl7.org/fhir/tools/StructureDefinition/resource-information",
        "valueString" : "StructureDefinition:extension"
      }],
      "reference" : {
        "reference" : "StructureDefinition/no-basis-relatedperson-person-reference"
      },
      "name" : "no-basis-relatedperson-person-reference",
      "description" : "If a person reference is needed in RelatedPerson.patient element, this optional extension should be used.",
      "exampleBoolean" : false
    },
    {
      "extension" : [{
        "url" : "http://hl7.org/fhir/tools/StructureDefinition/resource-information",
        "valueString" : "ValueSet"
      }],
      "reference" : {
        "reference" : "ValueSet/no-basis-service-type.valueset"
      },
      "name" : "no-basis-service-type.valueset",
      "description" : "ValueSet including all codes for service type (tjenestetype) allowed in the Adressergister",
      "exampleBoolean" : false
    },
    {
      "extension" : [{
        "url" : "http://hl7.org/fhir/tools/StructureDefinition/resource-information",
        "valueString" : "StructureDefinition:extension"
      }],
      "reference" : {
        "reference" : "StructureDefinition/no-basis-shortnotice"
      },
      "name" : "no-basis-shortnotice",
      "description" : "The basis extension defines a boolean concept that expresses the possibility to meet on short notice if the there are available appointment slots.",
      "exampleBoolean" : false
    },
    {
      "extension" : [{
        "url" : "http://hl7.org/fhir/tools/StructureDefinition/resource-information",
        "valueString" : "StructureDefinition:extension"
      }],
      "reference" : {
        "reference" : "StructureDefinition/no-basis-sourceofinformation"
      },
      "name" : "no-basis-sourceofinformation",
      "description" : "Part of norwegian KI standard.",
      "exampleBoolean" : false
    },
    {
      "extension" : [{
        "url" : "http://hl7.org/fhir/tools/StructureDefinition/resource-information",
        "valueString" : "StructureDefinition:resource"
      }],
      "reference" : {
        "reference" : "StructureDefinition/no-basis-Substance"
      },
      "name" : "no-basis-Substance",
      "description" : "Basis profile for Substances to be used in Norway. The profile is adapted to use FEST as source of information.",
      "exampleBoolean" : false
    },
    {
      "extension" : [{
        "url" : "http://hl7.org/fhir/tools/StructureDefinition/resource-information",
        "valueString" : "StructureDefinition:extension"
      }],
      "reference" : {
        "reference" : "StructureDefinition/no-basis-urban-district"
      },
      "name" : "no-basis-urban-district",
      "description" : "Simple extension containing information about what part of a norwegian city the patient is a resident. Administrative purpose.",
      "exampleBoolean" : false
    },
    {
      "extension" : [{
        "url" : "http://hl7.org/fhir/tools/StructureDefinition/resource-information",
        "valueString" : "StructureDefinition:extension"
      }],
      "reference" : {
        "reference" : "StructureDefinition/no-basis-virtual-service"
      },
      "name" : "no-basis-virtual-service",
      "description" : "The VirtualService is based on VirtualServiceDetail structure from R5 and defines details of a virtual communication capability, such as a web conference call.",
      "exampleBoolean" : false
    },
    {
      "extension" : [{
        "url" : "http://hl7.org/fhir/tools/StructureDefinition/resource-information",
        "valueString" : "NamingSystem"
      }],
      "reference" : {
        "reference" : "NamingSystem/no-basis-icpc-2"
      },
      "name" : "NoBasisICPC2",
      "description" : "In Norway primary care uses ICPC-2 to document contact-reason, health related problem and diagnosis.",
      "exampleBoolean" : false
    },
    {
      "extension" : [{
        "url" : "http://hl7.org/fhir/tools/StructureDefinition/resource-information",
        "valueString" : "Patient"
      }],
      "reference" : {
        "reference" : "Patient/Pasient-1"
      },
      "name" : "Pasient-1",
      "description" : "Eksempel på pasient med navn og fødselsnummer",
      "exampleCanonical" : "http://hl7.no/fhir/ig/StructureDefinition/no-basis-Patient"
    },
    {
      "extension" : [{
        "url" : "http://hl7.org/fhir/tools/StructureDefinition/resource-information",
        "valueString" : "Patient"
      }],
      "reference" : {
        "reference" : "Patient/Pasient-Middle-Name-1"
      },
      "name" : "Pasient-Middle-Name-1",
      "description" : "Eksempel på pasient med navn (inkl. mellomnavn) og fødselsnummer",
      "exampleCanonical" : "http://hl7.no/fhir/ig/StructureDefinition/no-basis-Patient"
    },
    {
      "extension" : [{
        "url" : "http://hl7.org/fhir/tools/StructureDefinition/resource-information",
        "valueString" : "AppointmentResponse"
      }],
      "reference" : {
        "reference" : "AppointmentResponse/PatientAppointmentResponseExample"
      },
      "name" : "Patient Appointment Response Example",
      "description" : "Example of Patient response to an appointment using no-basis profile. The profile is identical to the basis profile except there is an extension that can be used for patient to signal if the patient can come on short notice to an appointment. The example is similar to http://hl7.org/fhir/R4/appointmentresponse-example.json.html with addition for the extension.",
      "exampleCanonical" : "http://hl7.no/fhir/ig/StructureDefinition/no-basis-AppointmentResponse"
    },
    {
      "extension" : [{
        "url" : "http://hl7.org/fhir/tools/StructureDefinition/resource-information",
        "valueString" : "Patient"
      }],
      "reference" : {
        "reference" : "Patient/PatientExample"
      },
      "name" : "Patient Example",
      "exampleBoolean" : true
    },
    {
      "extension" : [{
        "url" : "http://hl7.org/fhir/tools/StructureDefinition/resource-information",
        "valueString" : "RelatedPerson"
      }],
      "reference" : {
        "reference" : "RelatedPerson/Solid-Aresdoktor-RelatedPerson"
      },
      "name" : "Solid-Aresdoktor-RelatedPerson",
      "exampleCanonical" : "http://hl7.no/fhir/ig/StructureDefinition/no-basis-RelatedPerson"
    },
    {
      "extension" : [{
        "url" : "http://hl7.org/fhir/tools/StructureDefinition/resource-information",
        "valueString" : "RelatedPerson"
      }],
      "reference" : {
        "reference" : "RelatedPerson/Sorgard-Erlend-RelatedPerson"
      },
      "name" : "Sorgard-Erlend-RelatedPerson",
      "exampleCanonical" : "http://hl7.no/fhir/ig/StructureDefinition/no-basis-RelatedPerson"
    }],
    "page" : {
      "extension" : [{
        "url" : "http://hl7.org/fhir/tools/StructureDefinition/ig-page-name",
        "valueUrl" : "toc.html"
      }],
      "nameUrl" : "toc.html",
      "title" : "Table of Contents",
      "generation" : "html",
      "page" : [{
        "extension" : [{
          "url" : "http://hl7.org/fhir/tools/StructureDefinition/ig-page-name",
          "valueUrl" : "index.html"
        }],
        "nameUrl" : "index.html",
        "title" : "Home",
        "generation" : "markdown"
      },
      {
        "extension" : [{
          "url" : "http://hl7.org/fhir/tools/StructureDefinition/ig-page-name",
          "valueUrl" : "Appointment-and-Encounter.html"
        }],
        "nameUrl" : "Appointment-and-Encounter.html",
        "title" : "Appointment and Encounter",
        "generation" : "markdown"
      },
      {
        "extension" : [{
          "url" : "http://hl7.org/fhir/tools/StructureDefinition/ig-page-name",
          "valueUrl" : "Changelog-STU3.html"
        }],
        "nameUrl" : "Changelog-STU3.html",
        "title" : "Changelog STU 3",
        "generation" : "markdown"
      },
      {
        "extension" : [{
          "url" : "http://hl7.org/fhir/tools/StructureDefinition/ig-page-name",
          "valueUrl" : "Datatypes.html"
        }],
        "nameUrl" : "Datatypes.html",
        "title" : "Datatypes",
        "generation" : "markdown"
      }]
    },
    "parameter" : [{
      "code" : "path-resource",
      "value" : "input/capabilities"
    },
    {
      "code" : "path-resource",
      "value" : "input/examples"
    },
    {
      "code" : "path-resource",
      "value" : "input/extensions"
    },
    {
      "code" : "path-resource",
      "value" : "input/models"
    },
    {
      "code" : "path-resource",
      "value" : "input/operations"
    },
    {
      "code" : "path-resource",
      "value" : "input/profiles"
    },
    {
      "code" : "path-resource",
      "value" : "input/resources"
    },
    {
      "code" : "path-resource",
      "value" : "input/vocabulary"
    },
    {
      "code" : "path-resource",
      "value" : "input/maps"
    },
    {
      "code" : "path-resource",
      "value" : "input/testing"
    },
    {
      "code" : "path-resource",
      "value" : "input/history"
    },
    {
      "code" : "path-resource",
      "value" : "fsh-generated/resources"
    },
    {
      "code" : "path-pages",
      "value" : "template/config"
    },
    {
      "code" : "path-pages",
      "value" : "input/images"
    },
    {
      "code" : "path-tx-cache",
      "value" : "input-cache/txcache"
    }]
  }
}