{
  "resourceType" : "CodeSystem",
  "id" : "no-basis-family-relation.codesystem",
  "meta" : {
    "versionId" : "1",
    "lastUpdated" : "2019-05-07T00:00:00+00:00"
  },
  "text" : {
    "status" : "generated",
    "div" : "<div xmlns=\"http://www.w3.org/1999/xhtml\"><p class=\"res-header-id\"><b>Generated Narrative: CodeSystem no-basis-family-relation.codesystem</b></p><a name=\"no-basis-family-relation.codesystem\"> </a><a name=\"hcno-basis-family-relation.codesystem\"> </a><div style=\"display: inline-block; background-color: #d9e0e7; padding: 6px; margin: 4px; border: 1px solid #8da1b4; border-radius: 5px; line-height: 60%\"><p style=\"margin-bottom: 0px\">version: 1; Last updated: 2019-05-07 00:00:00+0000</p></div><p>This case-sensitive code system <code>http://hl7.no/fhir/CodeSystem/no-basis-family-relation</code> defines the following codes:</p><table class=\"codes\"><tr><td style=\"white-space:nowrap\"><b>Code</b></td><td><b>Display</b></td></tr><tr><td style=\"white-space:nowrap\">mor<a name=\"no-basis-family-relation.codesystem-mor\"> </a></td><td>Mor</td></tr><tr><td style=\"white-space:nowrap\">far<a name=\"no-basis-family-relation.codesystem-far\"> </a></td><td>Far</td></tr><tr><td style=\"white-space:nowrap\">medmor<a name=\"no-basis-family-relation.codesystem-medmor\"> </a></td><td>Medmor</td></tr><tr><td style=\"white-space:nowrap\">barn<a name=\"no-basis-family-relation.codesystem-barn\"> </a></td><td>Barn</td></tr><tr><td style=\"white-space:nowrap\">søsken<a name=\"no-basis-family-relation.codesystem-s.248sken\"> </a></td><td>Søsken</td></tr><tr><td style=\"white-space:nowrap\">ektefelleEllerPartner<a name=\"no-basis-family-relation.codesystem-ektefelleEllerPartner\"> </a></td><td>Ektefelle eller partner</td></tr><tr><td style=\"white-space:nowrap\">dødfødtBarn<a name=\"no-basis-family-relation.codesystem-d.248df.248dtBarn\"> </a></td><td>Dødfødt barn</td></tr></table></div>"
  },
  "url" : "http://hl7.no/fhir/CodeSystem/no-basis-family-relation",
  "version" : "2.2.3-test",
  "name" : "NoBasisFamilyRelation",
  "title" : "no-basis-family-relation.codesystem",
  "status" : "active",
  "experimental" : false,
  "date" : "2019-05-15T00:00:00+00:00",
  "description" : "Copy of Codes from Familierelasjon defined by Skatteetaten",
  "jurisdiction" : [{
    "coding" : [{
      "system" : "urn:iso:std:iso:3166",
      "code" : "NO",
      "display" : "Norway"
    }]
  }],
  "caseSensitive" : true,
  "content" : "complete",
  "count" : 7,
  "concept" : [{
    "code" : "mor",
    "display" : "Mor"
  },
  {
    "code" : "far",
    "display" : "Far"
  },
  {
    "code" : "medmor",
    "display" : "Medmor"
  },
  {
    "code" : "barn",
    "display" : "Barn"
  },
  {
    "code" : "søsken",
    "display" : "Søsken"
  },
  {
    "code" : "ektefelleEllerPartner",
    "display" : "Ektefelle eller partner"
  },
  {
    "code" : "dødfødtBarn",
    "display" : "Dødfødt barn"
  }]
}