<?xml version="1.0" encoding="UTF-8"?>

<SearchParameter xmlns="http://hl7.org/fhir">
  <id value="no-basis-middlename"/>
  <text>
    <status value="generated"/><div xmlns="http://www.w3.org/1999/xhtml"><p class="res-header-id"><b>Generated Narrative: SearchParameter no-basis-middlename</b></p><a name="no-basis-middlename"> </a><a name="hcno-basis-middlename"> </a><h2>NoBasisMiddlename</h2><p>Parameter <code>middlename</code>:<code>string</code></p><div><p>SearchParameter for the Norwegian middlename extension http://hl7.no/fhir/StructureDefinition/no-basis-middlename</p>
</div><table class="grid"><tr><td>Resources</td><td><a href="http://hl7.org/fhir/R4/patient.html">Patient</a>, <a href="http://hl7.org/fhir/R4/practitioner.html">Practitioner</a>, <a href="http://hl7.org/fhir/R4/person.html">Person</a></td></tr><tr><td>Expression</td><td><code>Patient.name.extension.where(url='http://hl7.no/fhir/StructureDefinition/no-basis-middlename').value | Practitioner.name.extension.where(url='http://hl7.no/fhir/StructureDefinition/no-basis-middlename').value | Person.name.extension.where(url='http://hl7.no/fhir/StructureDefinition/no-basis-middlename').value</code></td></tr><tr><td>Processing Mode</td><td>Normal</td></tr><tr><td>Multiples</td><td><ul><li>multipleAnd: The parameter may repeat in order to specify multiple values that must all be true</li><li>multipleOr: The parameter may have multiple values (separated by comma) where at least one must be true</li></ul></td></tr><tr><td>Modifiers</td><td>Allowed: missing, exact, contains</td></tr></table></div>
  </text>
  <url value="http://hl7.no/fhir/SearchParameter/no-basis-middlename"/>
  <version value="2.2.3-test"/>
  <name value="NoBasisMiddlename"/>
  <status value="active"/>
  <date value="2025-12-09T12:52:56+00:00"/>
  <description value="SearchParameter for the Norwegian middlename extension http://hl7.no/fhir/StructureDefinition/no-basis-middlename"/>
  <jurisdiction>
    <coding>
      <system value="urn:iso:std:iso:3166"/>
      <code value="NO"/>
      <display value="Norway"/>
    </coding>
  </jurisdiction>
  <code value="middlename"/>
  <base value="Patient"/>
  <base value="Practitioner"/>
  <base value="Person"/>
  <type value="string"/>
  <expression value="Patient.name.extension.where(url='http://hl7.no/fhir/StructureDefinition/no-basis-middlename').value | Practitioner.name.extension.where(url='http://hl7.no/fhir/StructureDefinition/no-basis-middlename').value | Person.name.extension.where(url='http://hl7.no/fhir/StructureDefinition/no-basis-middlename').value"/>
  <xpathUsage value="normal"/>
  <multipleOr value="true"/>
  <multipleAnd value="true"/>
  <modifier value="missing"/>
  <modifier value="exact"/>
  <modifier value="contains"/>
</SearchParameter>