<?xml version="1.0" encoding="UTF-8"?><CodeSystem xmlns="http://hl7.org/fhir"><id value="no-basis-parental-responsibility.codesystem"/><meta><versionId value="1"/><lastUpdated value="2019-05-07T00:00:00+00:00"/></meta><text><status value="generated"/><div xmlns="http://www.w3.org/1999/xhtml"><p class="res-header-id"><b>Generated Narrative: CodeSystem no-basis-parental-responsibility.codesystem</b></p><a name="no-basis-parental-responsibility.codesystem"> </a><a name="hcno-basis-parental-responsibility.codesystem"> </a><div style="display: inline-block; background-color: #d9e0e7; padding: 6px; margin: 4px; border: 1px solid #8da1b4; border-radius: 5px; line-height: 60%"><p style="margin-bottom: 0px">version: 1; Last updated: 2019-05-07 00:00:00+0000</p></div><p>This  code system <code>http://hl7.no/fhir/CodeSystem/no-basis-parental-responsibility</code> defines the following codes:</p><table class="codes"><tr><td style="white-space:nowrap"><b>Code</b></td><td><b>Display</b></td></tr><tr><td style="white-space:nowrap">felles<a name="no-basis-parental-responsibility.codesystem-felles"> </a></td><td>Felles</td></tr><tr><td style="white-space:nowrap">mor<a name="no-basis-parental-responsibility.codesystem-mor"> </a></td><td>Mor</td></tr><tr><td style="white-space:nowrap">far<a name="no-basis-parental-responsibility.codesystem-far"> </a></td><td>Far</td></tr><tr><td style="white-space:nowrap">medmor<a name="no-basis-parental-responsibility.codesystem-medmor"> </a></td><td>Medmor</td></tr><tr><td style="white-space:nowrap">andre<a name="no-basis-parental-responsibility.codesystem-andre"> </a></td><td>Andre</td></tr><tr><td style="white-space:nowrap">ukjent<a name="no-basis-parental-responsibility.codesystem-ukjent"> </a></td><td>Ukjent</td></tr></table></div></text><url value="http://hl7.no/fhir/CodeSystem/no-basis-parental-responsibility"/><version value="2.2.3-test"/><name value="NoBasisParentalResponsibility"/><title value="no-basis-parental-responsibility.codesystem"/><status value="active"/><date value="2019-05-15T00:00:00+00:00"/><description value="Copy of Codes from Foreldreansvar defined by Skatteetaten"/><jurisdiction><coding><system value="urn:iso:std:iso:3166"/><code value="NO"/><display value="Norway"/></coding></jurisdiction><content value="complete"/><count value="6"/><concept><code value="felles"/><display value="Felles"/><designation><use><system value="http://terminology.hl7.org/CodeSystem/hl7TermMaintInfra"/><code value="preferredForLanguage"/></use><value value="Felles"/></designation></concept><concept><code value="mor"/><display value="Mor"/><designation><use><system value="http://terminology.hl7.org/CodeSystem/hl7TermMaintInfra"/><code value="preferredForLanguage"/></use><value value="Mor"/></designation></concept><concept><code value="far"/><display value="Far"/><designation><use><system value="http://terminology.hl7.org/CodeSystem/hl7TermMaintInfra"/><code value="preferredForLanguage"/></use><value value="Far"/></designation></concept><concept><code value="medmor"/><display value="Medmor"/><designation><use><system value="http://terminology.hl7.org/CodeSystem/hl7TermMaintInfra"/><code value="preferredForLanguage"/></use><value value="Medmor"/></designation></concept><concept><code value="andre"/><display value="Andre"/><designation><use><system value="http://terminology.hl7.org/CodeSystem/hl7TermMaintInfra"/><code value="preferredForLanguage"/></use><value value="Andre"/></designation></concept><concept><code value="ukjent"/><display value="Ukjent"/><designation><use><system value="http://terminology.hl7.org/CodeSystem/hl7TermMaintInfra"/><code value="preferredForLanguage"/></use><value value="Ukjent"/></designation></concept></CodeSystem>