<?xml version="1.0" encoding="UTF-8"?><ValueSet xmlns="http://hl7.org/fhir"><id value="no-basis-family-relation.valueset"/><meta><versionId value="1"/><lastUpdated value="2018-10-16T10:48:46.366+00:00"/></meta><text><status value="generated"/><div xmlns="http://www.w3.org/1999/xhtml"><p class="res-header-id"><b>Generated Narrative: ValueSet no-basis-family-relation.valueset</b></p><a name="no-basis-family-relation.valueset"> </a><a name="hcno-basis-family-relation.valueset"> </a><div style="display: inline-block; background-color: #d9e0e7; padding: 6px; margin: 4px; border: 1px solid #8da1b4; border-radius: 5px; line-height: 60%"><p style="margin-bottom: 0px">version: 1; Last updated: 2018-10-16 10:48:46+0000</p></div><ul><li>Include all codes defined in <a href="CodeSystem-no-basis-family-relation.codesystem.html"><code>http://hl7.no/fhir/CodeSystem/no-basis-family-relation</code></a><span title="Version is not explicitly stated, which means it is fixed to the version provided in this specification"> version 📦2.2.3-test</span></li></ul></div></text><url value="http://hl7.no/fhir/ValueSet/no-basis-family-relation"/><version value="2.2.3-test"/><name value="NoBasisFamilyRelation"/><title value="no-basis-family-relation.valueset"/><status value="active"/><experimental value="true"/><date value="2018-10-26T10:48:45.936+00:00"/><description value="Copy of Codes from Familierelasjon defined by Skatteetaten"/><jurisdiction><coding><system value="urn:iso:std:iso:3166"/><code value="NO"/><display value="Norway"/></coding></jurisdiction><immutable value="false"/><compose><include><system value="http://hl7.no/fhir/CodeSystem/no-basis-family-relation"/></include></compose></ValueSet>