{
  "resourceType" : "SearchParameter",
  "id" : "no-basis-middlename",
  "text" : {
    "status" : "generated",
    "div" : "<div xmlns=\"http://www.w3.org/1999/xhtml\"><p class=\"res-header-id\"><b>Generated Narrative: SearchParameter no-basis-middlename</b></p><a name=\"no-basis-middlename\"> </a><a name=\"hcno-basis-middlename\"> </a><h2>NoBasisMiddlename</h2><p>Parameter <code>middlename</code>:<code>string</code></p><div><p>SearchParameter for the Norwegian middlename extension http://hl7.no/fhir/StructureDefinition/no-basis-middlename</p>\n</div><table class=\"grid\"><tr><td>Resources</td><td><a href=\"http://hl7.org/fhir/R4/patient.html\">Patient</a>, <a href=\"http://hl7.org/fhir/R4/practitioner.html\">Practitioner</a>, <a href=\"http://hl7.org/fhir/R4/person.html\">Person</a></td></tr><tr><td>Expression</td><td><code>Patient.name.extension.where(url='http://hl7.no/fhir/StructureDefinition/no-basis-middlename').value | Practitioner.name.extension.where(url='http://hl7.no/fhir/StructureDefinition/no-basis-middlename').value | Person.name.extension.where(url='http://hl7.no/fhir/StructureDefinition/no-basis-middlename').value</code></td></tr><tr><td>Processing Mode</td><td>Normal</td></tr><tr><td>Multiples</td><td><ul><li>multipleAnd: The parameter may repeat in order to specify multiple values that must all be true</li><li>multipleOr: The parameter may have multiple values (separated by comma) where at least one must be true</li></ul></td></tr><tr><td>Modifiers</td><td>Allowed: missing, exact, contains</td></tr></table></div>"
  },
  "url" : "http://hl7.no/fhir/SearchParameter/no-basis-middlename",
  "version" : "2.2.4-test",
  "name" : "NoBasisMiddlename",
  "status" : "active",
  "date" : "2025-12-15T09:21:49+00:00",
  "description" : "SearchParameter for the Norwegian middlename extension http://hl7.no/fhir/StructureDefinition/no-basis-middlename",
  "jurisdiction" : [{
    "coding" : [{
      "system" : "urn:iso:std:iso:3166",
      "code" : "NO",
      "display" : "Norway"
    }]
  }],
  "code" : "middlename",
  "base" : ["Patient",
  "Practitioner",
  "Person"],
  "type" : "string",
  "expression" : "Patient.name.extension.where(url='http://hl7.no/fhir/StructureDefinition/no-basis-middlename').value | Practitioner.name.extension.where(url='http://hl7.no/fhir/StructureDefinition/no-basis-middlename').value | Person.name.extension.where(url='http://hl7.no/fhir/StructureDefinition/no-basis-middlename').value",
  "xpathUsage" : "normal",
  "multipleOr" : true,
  "multipleAnd" : true,
  "modifier" : ["missing",
  "exact",
  "contains"]
}