URL,Version,Status,OIDs,Name,Title,Description,Used
http://hl7.no/fhir/CodeSystem/no-basis-connection-type,2.2.3-test,active,,NoBasisConnectionType,no-basis-connection-type.codesystem,"Codes to describe Norwegian message based communication protocols.","ValueSet/no-basis-connection-type.valueset"
http://hl7.no/fhir/CodeSystem/no-basis-family-relation,2.2.3-test,active,,NoBasisFamilyRelation,no-basis-family-relation.codesystem,"Copy of Codes from Familierelasjon defined by Skatteetaten","ValueSet/no-basis-family-relation.valueset"
http://hl7.no/fhir/CodeSystem/no-basis-marital-status,2.2.3-test,active,,NoBasisMaritalStatus,no-basis-marital-status.codesystem,"Copy of Codes from Sivilstandstype defined by Skatteetaten","ValueSet/no-basis-marital-status.valueset"
http://hl7.no/fhir/CodeSystem/no-basis-parental-responsibility,2.2.3-test,active,,NoBasisParentalResponsibility,no-basis-parental-responsibility.codesystem,"Copy of Codes from Foreldreansvar defined by Skatteetaten","ValueSet/no-basis-parental-responsibility.valueset"
http://hl7.org/fhir/contact-point-system,4.0.1,active,"2.16.840.1.113883.4.642.4.72",ContactPointSystem,ContactPointSystem,"Telecommunications form for contact point.","ValueSet/no-basis-virtual-service-type.valueset"
http://terminology.hl7.org/CodeSystem/endpoint-connection-type,2.1.1,active,"2.16.840.1.113883.4.642.1.1140",EndpointConnectionType,Endpoint Connection Type,"This is an example value set defined by the FHIR project, that could be used to represent possible connection type profile values.","ValueSet/no-basis-connection-type.valueset"
