URL,Version,Status,OIDs,Name,Title,Descriptino,Uses,Used,Sources
http://hl7.no/fhir/ValueSet/no-basis-connection-type,2.2.3-test,active,,NoBasisConnectionType,no-basis-connection-type.valueset,"ValueSet for connection types used in Endpoint definition. Includes all Norwegian specific types (no-basis-connection-type) and the extensible HL7 CodeSystem for connection-type",,"Internal,THO"
http://hl7.no/fhir/ValueSet/no-basis-documentreference-type,2.2.3-test,active,,NoBasisDocumentReferenceType,no-basis-documentreference-type.valueset,"",,"Other"
http://hl7.no/fhir/ValueSet/no-basis-family-relation,2.2.3-test,active,,NoBasisFamilyRelation,no-basis-family-relation.valueset,"Copy of Codes from Familierelasjon defined by Skatteetaten",,"Internal"
http://hl7.no/fhir/ValueSet/no-basis-marital-status,2.2.3-test,active,,NoBasisMaritalStatus,no-basis-marital-status.valueset,"Copy of Codes from Sivilstandstype defined by Skatteetaten",,"Internal"
http://hl7.no/fhir/ValueSet/no-basis-parental-responsibility,2.2.3-test,active,,NoBasisParentalResponsibility,no-basis-parental-responsibility.valueset,"Copy of Codes from Foreldreansvar defined by Skatteetaten",,"Internal"
http://hl7.no/fhir/ValueSet/no-basis-service-type,2.2.3-test,active,,NoBasisServiceType,no-basis-service-type.valueset,"ValueSet including all codes for service type (tjenestetype) allowed in the Adressergister",,"Other"
http://hl7.no/fhir/ValueSet/no-basis-virtual-service-type,2.2.3-test,active,,NoBasisVirtualServiceType,No Basis VirtualServiceType Value Set,"Example codes for virtual service connection types. Any other codes or codesystem should be added to this valueSet",,"hl7.fhir.r4.core,Other"
