URL,Version,Status,OIDs,Name,Title,Descriptino,Uses,Used,Sources
http://hl7.no/fhir/ValueSet/no-basis-connection-type,2.2.3-test,active,,NoBasisConnectionType,no-basis-connection-type.valueset,"ValueSet for connection types used in Endpoint definition. Includes all Norwegian specific types (no-basis-connection-type) and the extensible HL7 CodeSystem for connection-type","StructureDefinition/no-basis-Endpoint","Internal,THO"
http://hl7.no/fhir/ValueSet/no-basis-documentreference-type,2.2.3-test,active,,NoBasisDocumentReferenceType,no-basis-documentreference-type.valueset,"Kodeverket er for å angi dokumenttype når man skal dele et dokument i en XDS-løsning. Kodeverket er også harmonert med eksisterende kodeverk for dokumenttyper og journalstruktur i den grad dette har vært mulig. Dette gjelder primært følgende kodeverk: - 9066 Kategori journalinformasjon - 9601 Emneorienterte sakstyper (Piene inndelingen)","StructureDefinition/no-basis-Composition,StructureDefinition/no-basis-DocumentReference","Other"
http://hl7.no/fhir/ValueSet/no-basis-family-relation,2.2.3-test,active,,NoBasisFamilyRelation,no-basis-family-relation.valueset,"Copy of Codes from Familierelasjon defined by Skatteetaten","StructureDefinition/no-basis-RelatedPerson","Internal"
http://hl7.no/fhir/ValueSet/no-basis-marital-status,2.2.3-test,active,,NoBasisMaritalStatus,no-basis-marital-status.valueset,"Copy of Codes from Sivilstandstype defined by Skatteetaten","StructureDefinition/no-basis-RelatedPerson","Internal"
http://hl7.no/fhir/ValueSet/no-basis-parental-responsibility,2.2.3-test,active,,NoBasisParentalResponsibility,no-basis-parental-responsibility.valueset,"Copy of Codes from Foreldreansvar defined by Skatteetaten","StructureDefinition/no-basis-RelatedPerson","Internal"
http://hl7.no/fhir/ValueSet/no-basis-service-type,2.2.3-test,active,,NoBasisServiceType,no-basis-service-type.valueset,"ValueSet including all codes for service type (tjenestetype) allowed in the Adressergister",,"Other"
http://hl7.no/fhir/ValueSet/no-basis-virtual-service-type,2.2.3-test,active,,NoBasisVirtualServiceType,No Basis VirtualServiceType Value Set,"Example codes for virtual service connection types. Any other codes or codesystem should be added to this valueSet","StructureDefinition/no-basis-virtual-service","hl7.fhir.r4.core,Other"
http://hl7.org/fhir/ValueSet/body-site,4.0.1,draft,"2.16.840.1.113883.4.642.3.141",SNOMEDCTBodyStructures,SNOMED CT Body Structures,"This value set includes all codes from [SNOMED CT](http://snomed.info/sct) where concept is-a 442083009 (Anatomical or acquired body site (body structure)).","StructureDefinition/no-basis-Procedure","SCT"
