{"resourceType":"ValueSet","id":"no-basis-parental-responsibility.valueset","meta":{"versionId":"1","lastUpdated":"2018-10-16T10:48:46.366+00:00"},"text":{"status":"generated","div":"<div xmlns=\"http://www.w3.org/1999/xhtml\"><p class=\"res-header-id\"><b>Generated Narrative: ValueSet no-basis-parental-responsibility.valueset</b></p><a name=\"no-basis-parental-responsibility.valueset\"> </a><a name=\"hcno-basis-parental-responsibility.valueset\"> </a><div style=\"display: inline-block; background-color: #d9e0e7; padding: 6px; margin: 4px; border: 1px solid #8da1b4; border-radius: 5px; line-height: 60%\"><p style=\"margin-bottom: 0px\">version: 1; Last updated: 2018-10-16 10:48:46+0000</p></div><ul><li>Include all codes defined in <a href=\"CodeSystem-no-basis-parental-responsibility.codesystem.html\"><code>http://hl7.no/fhir/CodeSystem/no-basis-parental-responsibility</code></a><span title=\"Version is not explicitly stated, which means it is fixed to the version provided in this specification\"> version &#x1F4E6;2.2.3-test</span></li></ul></div>"},"url":"http://hl7.no/fhir/ValueSet/no-basis-parental-responsibility","version":"2.2.3-test","name":"NoBasisParentalResponsibilityVS","title":"no-basis-parental-responsibility.valueset","status":"active","experimental":true,"date":"2018-10-26T10:48:45.936+00:00","description":"Copy of Codes from Foreldreansvar defined by Skatteetaten","jurisdiction":[{"coding":[{"system":"urn:iso:std:iso:3166","code":"NO","display":"Norway"}]}],"immutable":false,"compose":{"include":[{"system":"http://hl7.no/fhir/CodeSystem/no-basis-parental-responsibility"}]}}