<?xml version="1.0" encoding="UTF-8"?>

<Organization xmlns="http://hl7.org/fhir">
  <id value="a70f0ba2-44d8-4f14-9c3a-ff4c6ead7472"/>
  <meta>
    <profile value="http://hl7.no/fhir/ig/StructureDefinition/no-basis-Organization"/>
  </meta>
  <text>
    <status value="generated"/><div xmlns="http://www.w3.org/1999/xhtml"><p class="res-header-id"><b>Generated Narrative: Organization a70f0ba2-44d8-4f14-9c3a-ff4c6ead7472</b></p><a name="a70f0ba2-44d8-4f14-9c3a-ff4c6ead7472"> </a><a name="hca70f0ba2-44d8-4f14-9c3a-ff4c6ead7472"> </a><div style="display: inline-block; background-color: #d9e0e7; padding: 6px; margin: 4px; border: 1px solid #8da1b4; border-radius: 5px; line-height: 60%"><p style="margin-bottom: 0px"/><p style="margin-bottom: 0px">Profile: <a href="StructureDefinition-no-basis-Organization.html">no-basis-Organization</a></p></div><p><b>identifier</b>: <code>urn:oid:2.16.578.1.12.4.1.4.101</code>/915933149</p><p><b>name</b>: Direktoratet for e-Helse</p><p><b>address</b>: </p><ul><li>Postboks 221 Skøyen OSLO 0213 </li><li>Verkstedveien 1 OSLO 0277 </li></ul></div>
  </text>
  <identifier>
    <system value="urn:oid:2.16.578.1.12.4.1.4.101"/>
    <value value="915933149"/>
  </identifier>
  <name value="Direktoratet for e-Helse"/>
  <address>
    <extension url="http://hl7.no/fhir/StructureDefinition/no-basis-address-official">
      <valueBoolean value="true"/>
    </extension>
    <type value="postal"/>
    <line value="Postboks 221 Skøyen"/>
    <city value="OSLO"/>
    <postalCode value="0213"/>
  </address>
  <address>
    <extension url="http://hl7.no/fhir/StructureDefinition/no-basis-address-official">
      <valueBoolean value="true"/>
    </extension>
    <type value="physical"/>
    <line value="Verkstedveien 1"/>
    <city value="OSLO"/>
    <postalCode value="0277"/>
  </address>
</Organization>