<?xml version="1.0" encoding="UTF-8"?>

<Patient xmlns="http://hl7.org/fhir">
  <id value="Pasient-1"/>
  <meta>
    <profile value="http://hl7.no/fhir/ig/no-basis/StructureDefinition/no-basis-patient"/>
  </meta>
  <text>
    <status value="generated"/><div xmlns="http://www.w3.org/1999/xhtml"><p class="res-header-id"><b>Generated Narrative: Patient Pasient-1</b></p><a name="Pasient-1"> </a><a name="hcPasient-1"> </a><a name="Pasient-1-no-NO"> </a><div style="display: inline-block; background-color: #d9e0e7; padding: 6px; margin: 4px; border: 1px solid #8da1b4; border-radius: 5px; line-height: 60%"><p style="margin-bottom: 0px"/><p style="margin-bottom: 0px">Profile: <a href="StructureDefinition-no-basis-patient.html">Pasient</a></p></div><p style="border: 1px #661aff solid; background-color: #e6e6ff; padding: 10px;">Rita Lin  (no stated gender), DoB Unknown ( urn:oid:2.16.578.1.12.4.1.4.1#13031353453)</p><hr/></div>
  </text>
  <identifier>
    <system value="urn:oid:2.16.578.1.12.4.1.4.1"/>
    <value value="13031353453"/>
  </identifier>
  <name>
    <family value="Lin"/>
    <given value="Rita"/>
  </name>
</Patient>