<?xml version="1.0" encoding="UTF-8"?>

<Patient xmlns="http://hl7.org/fhir">
  <id value="Pasient-1"/>
  <meta>
    <profile value="http://hl7.no/fhir/ig/no-basis/StructureDefinition/no-basis-patient"/>
  </meta>
  <text>
    <status value="generated"/><div xmlns="http://www.w3.org/1999/xhtml">Eksempel på pasient</div>
  </text>
  <identifier>
    <system value="urn:oid:2.16.578.1.12.4.1.4.1"/>
    <value value="13031353453"/>
  </identifier>
  <name>
    <family value="Lin"/>
    <given value="Rita"/>
  </name>
</Patient>