<?xml version="1.0" encoding="UTF-8"?>

<RelatedPerson xmlns="http://hl7.org/fhir">
  <id value="Sorgard-Erlend-RelatedPerson"/>
  <meta>
    <profile value="http://hl7.no/fhir/ig/StructureDefinition/no-basis-RelatedPerson"/>
  </meta>
  <text>
    <status value="extensions"/><div xmlns="http://www.w3.org/1999/xhtml"><p class="res-header-id"><b>Generated Narrative: RelatedPerson Sorgard-Erlend-RelatedPerson</b></p><a name="Sorgard-Erlend-RelatedPerson"> </a><a name="hcSorgard-Erlend-RelatedPerson"> </a><div style="display: inline-block; background-color: #d9e0e7; padding: 6px; margin: 4px; border: 1px solid #8da1b4; border-radius: 5px; line-height: 60%"><p style="margin-bottom: 0px"/><p style="margin-bottom: 0px">Profile: <a href="StructureDefinition-no-basis-RelatedPerson.html">no-basis-RelatedPerson</a></p></div><blockquote><p><b>no/fhir/StructureDefinition/no-basis-person-citizenship</b></p><ul><li>code: <span title="Codes:{urn:iso:std:iso:3166 NO}">Norway</span></li></ul></blockquote><p><b>identifier</b>: <code>urn:oid:2.16.578.1.12.4.1.4.1</code>/05073500186</p><p><b>patient</b>: Identifier: <code>urn:oid:2.16.578.1.12.4.1.4.1</code>/04021950128</p><p><b>relationship</b>: <span title="Codes:{http://hl7.no/fhir/CodeSystem/no-basis-marital-status gift}">Gift</span></p><p><b>name</b>: Ærlend Sørgård </p></div>
  </text>
  <extension url="http://hl7.no/fhir/StructureDefinition/no-basis-person-citizenship">
    <extension url="code">
      <valueCodeableConcept>
        <coding>
          <system value="urn:iso:std:iso:3166"/>
          <code value="NO"/>
        </coding>
      </valueCodeableConcept>
    </extension>
  </extension>
  <identifier>
    <system value="urn:oid:2.16.578.1.12.4.1.4.1"/>
    <value value="05073500186"/>
  </identifier>
  <patient>
    <extension url="http://hl7.no/fhir/StructureDefinition/no-basis-relatedperson-person-reference">
      <valueReference>
        <identifier>
          <system value="urn:oid:2.16.578.1.12.4.1.4.1"/>
          <value value="04021950128"/>
        </identifier>
      </valueReference>
    </extension>
    <identifier>
      <system value="urn:oid:2.16.578.1.12.4.1.4.1"/>
      <value value="04021950128"/>
    </identifier>
  </patient>
  <relationship>
    <coding>
      <system value="http://hl7.no/fhir/CodeSystem/no-basis-marital-status"/>
      <code value="gift"/>
    </coding>
  </relationship>
  <name>
    <extension url="http://hl7.no/fhir/StructureDefinition/no-basis-middlename">
      <valueString value="Pårørende"/>
    </extension>
    <family value="Sørgård"/>
    <given value="Ærlend"/>
  </name>
</RelatedPerson>